Site_Name,Stream_Name ,Site_Number,Date_Collected, Kyle_Sample_ID,4_t_Octylphenol,Acetaminophen,Amoxicillin,Ampicillin,Atenolol_MRT,Atrazine,Benzophenone_1,Benzophenone_3,Beta_cyfluthrin,Bifenthrin,Buspirone,Caffeine,Carbamazepine_A,Carbaryl,Chlorpyrifos,Chlortetracycline,Citalopram,Clarithromycin,Clothianidin,Cyhalothrin,DEET,Erythromycin,Esfenvalerate_UNCONF,Fluoxetine,Ibuprofen_UNCONF,Imidacloprid,Ketoprofen,Malathion,Metformin,Metoprolol_MRT,Naproxen,Ofloxacin,Oxytetracycline,Permethrin,Simazine,Sucralose,Sulfadiazine,Sulfadimethoxine,Sulfamethazine,Sulfamethoxazole,Tetracycline,Theobromine,Thiacloprid,Thiamethoxam,Trimethoprim_MRT,Venlafaxine
Ag_Progress_Days ,Spruce_Creek,1,6172021,1-TVFF21,0.00005,0.0000556,0.0001446,0.00005,0.001068142,0.000045,0.0000444,0.0000806,0.0005,0.005,0.00054933,0.000701922,0.0000892,0.0001334,0.0000668,0.159961833,0.00035859,0.246206637,0.372491492,0.000445,3.05183E-05,0.0008238,0.077844633,0.0005,0.0002685,0.0001784,9.1555E-05,0.0000306,0.274649722,0.0007924,0.000106814,0.003006056,0.0000578,0.0001164,0.212544918,0.0002118,0.0016618,0.0003012,0.0001766,0.0002612,0.000854513,0.000640885,0.0001236,0.0000358,0.001373325,0.000442516
Upper_Spruce_Creek_Church ,Spruce_Creek,2,6172021,2-TVFF21,0.00005,0.0000556,0.0001446,0.000727497,0.000480148,0.000045,0.0000444,0.0000806,0.0005,0.005,0.000305549,0.000800247,0.210028338,0.0001334,0.0000668,0.153094435,0.000064,0.000014,0.355338556,0.000445,4.36498E-05,0.0008238,0.074211953,0.0005,0.0002685,0.0001784,0.0000228,0.0000306,0.0000554,0.0007924,0.000232799,0.001149445,0.0000578,0.0001164,0.202709719,0.206871001,0.0016618,0.0003012,0.0001766,0.0002612,0.0002576,0.000334649,0.0001236,0.0000358,0.000436498,0.000305549
George_W_Harvey,Spruce_Creek,3,6172021,3-TVFF21,0.00005,0.0000556,0.0001446,0.001323338,0.000508976,0.000045,0.0000444,0.0000806,0.0005,0.005,0.000135727,0.000933123,0.2450889,0.306878584,0.0000668,0.000241,0.000064,0.000014,0.414323413,0.000445,0.000118761,0.0008238,0.0016654,0.0005,0.0002685,0.0001784,0.0000228,0.0000306,0.0000554,0.0007924,0.000101795,0.000746498,0.002086802,0.0001164,0.236334513,0.0002118,0.0016618,0.0003012,0.0001766,0.0002612,0.0002576,0.000508976,0.0001236,0.0000358,0.0000998,0.0000652
Lower_Warriors_Mark_Run ,Warriors_Mark_Run ,4,6172021,4-TVFF21,0.00005,0.0000556,0.0001446,0.000740894,0.000057,0.000045,0.0000444,0.0000806,0.0005,0.005,0.000037,0.000913195,0.249009239,0.311675071,0.0000668,0.000241,0.000064,0.000014,0.420775991,0.000445,0.000137841,0.0008238,0.0016654,0.0005,0.0002685,0.0001784,0.0000228,0.0000306,0.0000554,0.0007924,0.0000256,0.000344602,0.0000578,0.0001164,0.240049593,0.0002118,0.0016618,0.0003012,0.0001766,0.0002612,0.0002576,0.00590992,0.0001236,0.0000358,0.0000998,0.0000652
Upper_Warriors_Mark_Run ,Warriors_Mark_Run ,5,6172021,5-TVFF21,0.00005,0.0000556,0.0001446,0.000278147,0.000057,0.000045,0.0000444,0.0000806,0.0005,0.005,0.000037,0.001096225,0.0000892,0.0001334,0.0000668,0.000241,0.000064,0.000014,0.399565843,0.000445,4.90847E-05,0.0008238,0.0016654,0.0005,0.061928534,0.0001784,0.0000228,0.0000306,0.294491856,0.0007924,0.000261785,0.000196339,0.0000578,0.0001164,0.228014807,0.0002118,0.0016618,0.0003012,0.0001766,0.0002612,0.0002576,0.000572655,0.0001236,0.0000358,0.0000998,0.0000652
Keith_Nelson,Warriors_Mark_Run ,6,6172021,6-TVFF21,0.00005,0.00035146,0.0001446,0.00005,0.000057,0.000045,0.0000444,0.0000806,0.0005,0.005,0.000037,0.0002084,0.0000892,0.0001334,0.0000668,0.157409292,0.000064,0.000014,0.364606283,0.000445,2.99115E-05,0.0008238,0.07629677,0.0005,0.0002685,0.0001784,0.0000228,0.0000306,0.0000554,0.0007924,0.0000256,0.000149558,0.0000578,0.0001164,0.208438319,0.0002118,0.0016618,0.0003012,0.0001766,0.0002612,0.0002576,0.000463628,0.0001236,0.0000358,0.0000998,0.0000652
Halfmoon_Creek_By_Bridge ,Halfmoon_Creek ,7,6172021,7-TVFF21,0.00005,0.0000556,0.0001446,0.001973497,0.001289139,0.000045,0.0000444,0.0000806,0.0005,0.005,0.000037,0.004392622,0.227572833,0.0001334,0.0000668,0.000241,0.000064,0.000014,0.388715216,0.000445,0.000127322,0.0008238,0.081191888,0.0005,0.037655593,0.0001784,0.0000228,0.0000306,0.0000554,0.0007924,0.0000256,0.00005,0.0000578,0.0001164,0.22179558,0.0002118,0.0016618,0.0003012,0.0001766,0.570038196,0.0002576,0.00375601,0.0001236,0.0000358,0.001480123,0.000445628
Loville,Halfmoon_Creek ,8,6172021,8-TVFF21,0.00005,0.0000556,0.0001446,0.00005,0.000057,0.000045,0.0000444,0.0000806,0.0005,0.005,0.000037,0.0002084,0.0000892,0.0001334,0.0000668,0.000241,0.000064,0.000014,0.426358357,0.000445,1.74716E-05,0.0008238,0.0016654,0.0005,0.0002685,0.0001784,0.0000228,0.0000306,0.0000554,0.0007924,0.000139772,0.00005,0.0000578,0.0001164,0.243413704,0.0002118,0.0016618,0.0003012,0.0001766,0.0002612,0.0002576,0.000401846,0.0001236,0.0000358,0.0000998,0.0000652
Halfmoon_Creek_After_Confluence ,Halfmoon_Creek ,9,6172021,9-TVFF21,0.00005,0.0000556,0.0001446,0.001864134,0.000057,0.000045,0.0000444,0.0000806,0.0005,0.005,0.000037,0.004149724,0.232125209,0.0001334,0.0000668,0.170608786,0.000064,0.000014,0.395715125,0.000445,0.000113469,0.0008238,0.0016654,0.0005,0.220681047,0.0001784,0.0000228,0.0000306,0.0000554,0.0007924,0.000389037,0.00005,0.0000578,0.0001164,0.225868202,0.0002118,0.0016618,0.0003012,0.0001766,0.0002612,0.0002576,0.002755676,0.0001236,0.0000358,0.0011509,0.000470086
Field_Blank6172021,All ,10,6172021,10-TVFF21,0.00005,0.0000556,0.0001446,0.00005,0.000057,0.000045,0.0000444,0.0000806,0.0005,0.005,0.000037,0.0002084,0.0000892,0.0001334,0.0000668,0.000241,0.000064,0.000014,0.000179,0.000445,0.0000046,0.0008238,0.0016654,0.0005,0.0002685,0.0001784,0.0000228,0.0000306,0.0000554,0.0007924,0.0000256,0.00005,0.0000578,0.0001164,0.0000976,0.0002118,0.0016618,0.0003012,0.0001766,0.0002612,0.0002576,0.0000396,0.0001236,0.0000358,0.0000998,0.0000652
Ag_Progress_Days ,Spruce_Creek,1,6292021,11-TVFF21,0.00005,0.0000556,0.0001446,0.00005,0.000057,0.000045,0.0000444,0.0000806,0.0005,0.005,0.000037,0.0002084,0.0000892,0.0001334,0.0000668,0.105948384,0.000064,0.000014,0.245655671,0.000445,0.0000046,0.0008238,0.0016654,0.063329406,0.0002685,0.0001784,0.0000228,0.0000306,0.0000554,0.0007924,0.0000256,0.00005,0.0000578,0.0001164,0.140381861,0.0002118,0.0016618,0.0003012,0.0001766,0.0002612,0.0002576,0.0000396,0.0001236,0.0000358,0.0000998,0.0000652
Upper_Spruce_Creek_Church ,Spruce_Creek,2,6292021,12-TVFF21,0.00005,0.000888622,0.0001446,0.00005,0.000215424,0.000045,0.0000444,0.0000806,0.0005,0.005,0.000037,0.0002084,0.193773451,0.0001334,0.0000668,0.141708281,0.000064,0.000014,0.328063085,0.000445,0.0000046,0.0008238,0.0016654,0.084688369,0.0002685,0.0001784,0.0000228,0.0000306,0.0000554,0.0007924,9.42478E-05,0.00005,0.0000578,0.0001164,0.187687737,0.0002118,0.0016618,0.0003012,0.0001766,0.0002612,0.0002576,0.0000396,0.0001236,0.0000358,0.000942478,0.000538559
George_W_Harvey,Spruce_Creek,3,6292021,13-TVFF21,0.00005,0.00500975,0.0001446,0.00005,0.000057,0.000045,0.0000444,0.0000806,0.0005,0.005,0.000037,0.0002084,0.142614827,0.0001334,0.0000668,0.000241,0.000064,0.000014,0.240665608,0.000445,0.0000046,0.0008238,0.050221011,0.0005,0.0002685,0.0001784,0.0000228,0.0000306,0.0000554,0.0007924,5.9287E-05,0.00005,0.0000578,0.0001164,0.13771377,0.0002118,0.0016618,0.0003012,0.0001766,0.0002612,0.0002576,0.0000396,0.0001236,0.0000358,0.0000998,0.0000652
Lower_Warriors_Mark_Run ,Warriors_Mark_Run ,4,6292021,14-TVFF21,0.00005,0.0000556,0.0001446,0.00005,0.000057,0.000045,0.0000444,0.0000806,0.0005,0.005,0.000037,0.0002084,0.242903368,0.0001334,0.0000668,0.177148253,0.000064,0.000014,0.408873588,0.000445,0.0000046,0.0008238,0.085560771,0.105888293,0.0002685,0.000774382,0.0000228,0.0000306,0.0000554,0.0007924,0.0000256,0.00005,0.0000578,0.0001164,0.234587181,0.0002118,0.0016618,0.262818448,0.0001766,0.0002612,0.0002576,0.0000396,0.0001236,0.0000358,0.0000998,0.0000652
Upper_Warriors_Mark_Run ,Warriors_Mark_Run ,5,6292021,15-TVFF21,0.00005,0.000710056,0.0001446,0.00005,0.000057,0.000045,0.0000444,0.0000806,0.0005,0.005,0.000037,0.0002084,0.189650598,0.0001334,0.0000668,0.000241,0.000064,0.000014,0.002550941,0.000445,0.0000046,0.0008238,0.066830698,0.082708331,0.14610052,0.000788951,0.0000228,0.0000306,0.0000554,0.0007924,0.000170939,0.00005,0.0000578,0.0001164,0.183194351,0.0002118,0.0016618,0.205232374,0.0001766,0.0002612,0.0002576,0.0000396,0.0001236,0.0000358,0.0000998,0.0000652
Keith_Nelson,Warriors_Mark_Run ,6,6292021,16-TVFF21,0.00005,0.0000556,0.0001446,0.00005,0.000057,0.000045,0.0000444,0.0000806,0.0005,0.005,0.000037,0.0002084,0.0000892,0.0001334,0.0000668,0.141708121,0.000064,0.000014,0.003285517,0.000445,0.0000046,0.0008238,0.0016654,0.084696321,0.0002685,0.000915636,0.0000228,0.0000306,0.0000554,0.0007924,0.000134652,0.00005,0.0000578,0.0001164,0.18770536,0.0002118,0.0016618,0.209990322,0.0001766,0.0002612,0.0002576,0.0000396,0.0001236,0.0000358,0.0000998,0.0000652
Halfmoon_Creek_By_Bridge ,Halfmoon_Creek ,7,6292021,17-TVFF21,0.00005,0.0000556,0.0001446,0.00005,0.000057,0.008499889,0.0000444,0.0000806,0.0005,0.005,0.000037,0.0002084,0.003510975,0.0001334,0.0000668,0.146017692,0.000064,0.000014,0.338302536,0.000445,0.0000046,0.0008238,0.070531735,0.08728866,0.166112124,0.0001784,0.0000228,0.0000306,0.0000554,0.0007924,0.000291425,0.00005,0.0000578,0.0001164,0.193381157,0.0002118,0.0016618,0.0003012,0.0001766,0.0002612,0.0002576,0.0000396,0.0001236,0.0000358,0.001165699,0.000735501
Loville,Halfmoon_Creek ,8,6292021,18-TVFF21,0.00005,0.000217183,0.0001446,0.00005,0.000057,0.000045,0.0000444,0.0000806,0.0005,0.005,0.000037,0.0002084,0.0000892,0.0001334,0.0000668,0.142811602,0.000064,0.000014,0.004017891,0.000445,0.0000046,0.0008238,0.068989637,0.08538019,0.0002685,0.0001784,0.0000228,0.0000306,0.0000554,0.0007924,0.000407219,0.00005,0.0000578,0.0001164,0.189058073,0.0002118,0.0016618,0.0003012,0.0001766,0.0002612,0.0002576,0.0000396,0.0001236,0.0000358,0.0000998,0.0000652
Halfmoon_Creek_After_Confluence ,Halfmoon_Creek ,9,6292021,19-TVFF21,0.00005,0.0000556,0.0001446,0.00005,0.000057,0.000045,0.0000444,0.0000806,0.0005,0.005,0.000037,0.0002084,0.00252177,0.0001334,0.0000668,0.145805411,0.000064,0.000014,0.337501492,0.000445,0.0000046,0.0008238,0.070422503,0.087153477,0.0002685,0.0001784,0.0000228,0.0000306,0.0000554,0.0007924,0.000166271,0.00005,0.0000578,0.0001164,0.193081669,0.0002118,0.0016618,0.0003012,0.0001766,0.0002612,0.0002576,0.0000396,0.0001236,0.0000358,0.00087292,0.00040182
Field_Blank6292021,All ,10,6292021,20-TVFF21,0.00005,0.0000556,0.0001446,0.00005,0.000057,0.000045,0.0000444,0.0000806,0.0005,0.005,0.000037,0.0002084,0.0000892,0.0001334,0.0000668,0.000241,0.000064,0.000014,0.000179,0.000445,0.0000046,0.0008238,0.0016654,0.0005,0.0002685,0.0001784,0.0000228,0.0000306,0.0000554,0.0007924,0.0000256,0.00005,0.0000578,0.0001164,0.0000976,0.0002118,0.0016618,0.0003012,0.0001766,0.0002612,0.0002576,0.0000396,0.0001236,0.0000358,0.0000998,0.0000652
Ag_Progress_Days ,Spruce_Creek,1,7302021,21-TVFF21,0.00005,0.0000556,0.0001446,0.00005,0.000057,0.000045,0.0000444,0.0000806,0.0005,0.005,0.000037,0.0002084,0.0000892,0.0001334,0.0000668,0.130053224,0.000064,0.000014,0.301702718,0.000445,1.23578E-05,0.0008238,0.0016654,0.0005,0.0002685,0.0001784,0.0000228,0.0000306,0.0000554,0.0007924,0.0000256,0.00005,0.0000578,0.0001164,0.172255025,0.0002118,0.0016618,0.0003012,0.0001766,0.0002612,0.0002576,0.000302765,0.0001236,0.0000358,0.0000998,0.0000652
Upper_Spruce_Creek_Church ,Spruce_Creek,2,7302021,22-TVFF21,0.00005,0.0000556,0.0001446,0.00005,0.000057,0.000045,0.0000444,0.0000806,0.0005,0.005,0.000037,0.000992099,0.165922724,0.0001334,0.0000668,0.000241,0.000064,0.000014,0.281490676,0.000445,3.46081E-05,0.0008238,0.0016654,0.036280815,0.0002685,0.0001784,0.0000228,0.0000306,0.0000554,0.0007924,6.92162E-05,0.00005,0.0000578,0.0001164,0.160743047,0.0002118,0.0016618,0.0003012,0.0001766,0.0002612,0.0002576,0.000294169,0.0001236,0.0000358,0.0000998,0.0000652
George_W_Harvey,Spruce_Creek,3,7302021,23-TVFF21,0.00005,0.0000556,0.0001446,0.000828014,0.000057,0.000045,0.0000444,0.0000806,0.0005,0.005,0.000037,0.000701707,0.202217837,0.0001334,0.0000668,0.000241,0.000064,0.000014,0.342587245,0.000445,8.42048E-05,0.0008238,0.0016654,0.044137351,0.0002685,0.0001784,0.0000228,0.0000306,0.0000554,0.0007924,0.0000256,0.00005,0.0000578,0.0001164,0.195481453,0.0002118,0.0016618,0.0003012,0.0001766,0.0002612,0.0002576,0.000708724,0.0001236,0.0000358,0.0000998,0.0000652
Lower_Warriors_Mark_Run ,Warriors_Mark_Run ,4,7302021,24-TVFF21,0.00005,0.000455181,0.0001446,0.00005,0.000057,0.000045,0.0000444,0.0000806,0.0005,0.005,0.000037,0.000490195,0.168615302,0.0001334,0.0000668,0.000241,0.000064,0.000014,0.284779772,0.000445,3.50139E-05,0.0008238,0.0016654,0.0005,0.0002685,0.0001784,0.0000228,0.0000306,0.0000554,0.0007924,9.33704E-05,0.00005,0.0000578,0.0001164,0.162686281,0.0002118,0.0016618,0.0003012,0.0001766,0.0002612,0.0002576,0.000846169,0.0001236,0.0000358,0.0000998,0.0000652
Upper_Warriors_Mark_Run ,Warriors_Mark_Run ,5,7302021,25-TVFF21,0.00005,0.0000556,0.0001446,0.00005,0.000057,0.000045,0.0000444,0.0000806,0.0005,0.005,0.000037,0.0002084,0.239511947,0.299895478,0.0000668,0.000241,0.000064,0.000014,0.403938142,0.000445,1.65752E-05,0.0008238,0.168503699,0.052129071,0.0002685,0.0001784,0.0000228,0.0000306,0.0000554,0.0007924,0.0000256,0.00005,0.0000578,0.0001164,0.230975708,0.0002118,0.0016618,0.0003012,0.0001766,0.0002612,0.0002576,0.000654721,0.0001236,0.0000358,0.0000998,0.0000652
Keith_Nelson,Warriors_Mark_Run ,6,7302021,26-TVFF21,0.00005,0.0000556,0.0001446,0.00005,0.000057,0.000045,0.0000444,0.0000806,0.0005,0.005,0.000037,0.000941037,0.0000892,0.0001334,0.0000668,0.165042147,0.000064,0.000014,0.002776058,0.000445,3.13679E-05,0.0008238,0.159458662,0.0005,0.0002685,0.0001784,0.0000228,0.0000306,0.0000554,0.0007924,0.0000256,0.00005,0.0000578,0.0001164,0.218524397,0.0002118,0.0016618,0.244763636,0.0001766,0.56153226,0.0002576,0.001795812,0.0001236,0.0000358,0.001474291,0.0000652
Halfmoon_Creek_By_Bridge ,Halfmoon_Creek ,7,7302021,27-TVFF21,0.00005,0.0000556,0.0001446,0.00005,0.000057,0.000045,0.0000444,0.0000806,0.0005,0.005,0.000037,0.001670771,0.183964759,0.0001334,0.0000668,0.000241,0.000064,0.000014,0.313745123,0.000445,3.85563E-05,0.0008238,0.0016654,0.0005,0.0002685,0.0001784,0.0000228,0.0000306,0.0000554,0.0007924,0.0000256,0.00005,0.0000578,0.0001164,0.17917093,0.0002118,0.0016618,0.0003012,0.0001766,0.0002612,0.0002576,0.002486879,0.0001236,0.0000358,0.001349469,0.000732569
Loville,Halfmoon_Creek ,8,7302021,28-TVFF21,0.00005,0.0000556,0.0001446,0.00005,0.000676991,0.000045,0.0000444,0.0000806,0.0005,0.005,0.000037,0.00120354,0.0000892,0.0001334,0.0000668,0.000241,0.000064,0.000014,0.45839823,0.000445,0.000112832,0.0008238,0.191174779,0.059142699,0.0002685,0.0001784,0.0000228,0.0000306,0.0000554,0.0007924,0.000150442,0.00005,0.0000578,0.0001164,0.26197677,0.0002118,0.0016618,0.0003012,0.0001766,0.0002612,0.0002576,0.00378927,0.0001236,0.0000358,0.0000998,0.0000652
Halfmoon_Creek_After_Confluence ,Halfmoon_Creek ,9,7302021,29-TVFF21,0.00005,0.0000556,0.0001446,0.00005,0.000057,0.000045,0.0000444,0.0000806,0.0005,0.005,0.000037,0.001266641,0.186862187,0.236352592,0.0000668,0.000241,0.000064,0.000014,0.318632021,0.000445,3.91745E-05,0.0008238,0.132749196,0.0005,0.023465503,0.0001784,0.0000228,0.0000306,0.0000554,0.0007924,0.0000256,0.00005,0.003120899,0.0001164,0.18203067,0.0002118,0.0016618,0.0003012,0.0001766,0.0002612,0.0002576,0.002565927,0.0001236,0.0000358,0.001175234,0.000613733
Field_Blank7302021,All ,10,7302021,30-TVFF21,0.00005,0.0000556,0.0001446,0.00005,0.000057,0.000045,0.0000444,0.0000806,0.0005,0.005,0.000037,0.0002084,0.0000892,0.0001334,0.0000668,0.000241,0.000064,0.000014,0.000179,0.000445,0.0000046,0.0008238,0.0016654,0.0005,0.0002685,0.0001784,0.0000228,0.0000306,0.0000554,0.0007924,0.0000256,0.00005,0.0000578,0.0001164,0.0000976,0.0002118,0.0016618,0.0003012,0.0001766,0.0002612,0.0002576,0.0000396,0.0001236,0.0000358,0.0000998,0.0000652
Ag_Progress_Days ,Spruce_Creek,1,8122021,31-TVFF21,0.00005,0.0000556,0.0001446,0.00005,0.000057,0.000045,0.0000444,0.0000806,0.0005,0.005,0.000037,0.001245664,0.0000892,0.0001334,0.0000668,0.218510177,0.000064,0.000014,0.506403823,0.000445,4.15221E-05,0.0008238,0.211056956,0.0005,0.019100177,0.0001784,0.0000228,0.0000306,0.0000554,0.0007924,0.0000256,0.00005,0.0000578,0.0001164,0.289201593,0.0002118,0.0016618,0.0003012,0.0001766,0.0002612,0.0002576,0.000290655,0.0001236,0.0000358,0.0000998,0.0000652
Upper_Spruce_Creek_Church ,Spruce_Creek,2,8122021,32-TVFF21,0.00005,0.000352384,0.0001446,0.00005,0.001013105,0.000045,0.0000444,0.0000806,0.0005,0.005,0.000037,0.004691116,0.317167915,0.0001334,0.0000668,0.000241,0.000064,0.000014,0.537606334,0.000445,4.4048E-05,0.0008238,0.0016654,0.0005,0.0002685,0.0001784,0.0000228,0.0000306,0.0000554,0.0007924,0.0000256,0.00005,0.0000578,0.0001164,0.306772578,0.0002118,0.0016618,0.0003012,0.0001766,0.0002612,0.0002576,0.000572625,0.0001236,0.0000358,0.0000998,0.00033036
George_W_Harvey,Spruce_Creek,3,8122021,33-TVFF21,0.00005,0.0000556,0.0001446,0.001208475,0.000057,0.000045,0.0000444,0.0000806,0.0005,0.005,0.000037,0.002870129,0.272454544,0.341375403,0.0000668,0.198718665,0.000064,0.000014,0.000179,0.000445,0.000169942,0.0008238,0.0016654,0.0005,0.0002685,0.0001784,0.0000228,0.0000306,0.0000554,0.0007924,0.000226589,0.00005,0.0000578,0.0001164,0.2629378,0.0002118,0.0016618,0.0003012,0.0001766,0.0002612,0.0002576,0.000453178,0.0001236,0.0000358,0.0000998,0.0000652
Lower_Warriors_Mark_Run ,Warriors_Mark_Run ,4,8122021,34-TVFF21,0.00005,0.0000556,0.0001446,0.000419564,0.000057,0.000045,0.0000444,0.0000806,0.0005,0.005,0.000037,0.001879646,0.242407206,0.0001334,0.0000668,0.000241,0.000064,0.000014,0.409611789,0.000445,0.000385999,0.0008238,0.170628224,0.0005,0.0002685,0.0001784,0.0000228,0.0000306,0.0000554,0.0007924,0.0000256,0.00005,0.0000578,0.0001164,0.233764191,0.0002118,0.0016618,0.0003012,0.0001766,0.0002612,0.0002576,0.000688085,0.0001236,0.0000358,0.0000998,0.0000652
Upper_Warriors_Mark_Run ,Warriors_Mark_Run ,5,8122021,35-TVFF21,0.00005,0.0000556,0.0001446,0.00005,0.000057,0.000045,0.0000444,0.0000806,0.0005,0.005,0.000037,0.001196788,0.283344372,0.0001334,0.0000668,0.000241,0.000064,0.000014,0.478832761,0.000445,5.88584E-05,0.0008238,0.199451522,0.0005,0.0002685,0.0001784,0.0000228,0.0000306,0.0000554,0.0007924,0.000333531,0.00005,0.0000578,0.0001164,0.273318823,0.0002118,0.0016618,0.0003012,0.0001766,0.0002612,0.0002576,0.000196195,0.0001236,0.0000358,0.0000998,0.0000652
Keith_Nelson,Warriors_Mark_Run ,6,8122021,36-TVFF21,0.00005,0.0000556,0.0001446,0.00005,0.000057,0.000045,0.0000444,0.0000806,0.0005,0.005,0.000037,0.0002084,0.0000892,0.204660159,0.0000668,0.118995038,0.000064,0.000014,0.275571027,0.000445,0.0000046,0.0008238,0.114947511,0.0005,0.028411832,0.0001784,0.0000228,0.0000306,0.0000554,0.0007924,6.78357E-05,0.00005,0.0000578,0.0001164,0.157627441,0.0002118,0.0016618,0.0003012,0.0001766,0.0002612,0.0002576,0.000293954,0.0001236,0.0000358,0.0000998,0.0000652
Halfmoon_Creek_By_Bridge ,Halfmoon_Creek ,7,8122021,37-TVFF21,0.00005,0.000203863,0.0001446,0.000815454,0.000057,0.000045,0.0000444,0.0000806,0.0005,0.005,0.000037,0.006370733,0.003550622,0.0001334,0.0000668,0.000241,0.000064,0.000014,0.414743229,0.000445,6.79545E-05,0.0008238,0.0016654,0.0005,0.068005454,0.0001784,0.0000228,0.0000306,0.0000554,0.0007924,0.000135909,0.00005,0.0000578,0.0001164,0.236821391,0.0002118,0.0016618,0.0003012,0.0001766,0.0002612,0.0002576,0.003890394,0.0001236,0.0000358,0.001817783,0.000764488
Loville,Halfmoon_Creek ,8,8122021,38-TVFF21,0.00005,0.001576191,0.0001446,0.00005,0.000057,0.000045,0.0000444,0.0000806,0.0005,0.005,0.000037,0.0002084,0.0000892,0.0001334,0.0000668,0.000241,0.000064,0.000014,0.526620493,0.000445,2.15917E-05,0.0008238,0.219500776,0.0005,0.0002685,0.0001784,0.0000228,0.0000306,0.0000554,0.0007924,0.0002591,0.00005,0.0000578,0.0001164,0.300858137,0.0002118,0.0016618,0.0003012,0.0001766,0.0002612,0.0002576,0.000734116,0.0001236,0.0000358,0.0000998,0.0000652
Halfmoon_Creek_After_Confluence ,Halfmoon_Creek ,9,8122021,39-TVFF21,0.00005,0.0000556,0.0001446,0.00129733,0.000057,0.000045,0.0000444,0.0000806,0.0005,0.005,0.000037,0.00471236,0.273011643,0.0001334,0.0000668,0.000241,0.000064,0.000014,0.465684221,0.000445,9.53919E-05,0.0008238,0.193969908,0.0005,0.054526015,0.0001784,0.0000228,0.0000306,0.0000554,0.0007924,0.0000256,0.00005,0.0000578,0.0001164,0.265838172,0.0002118,0.0016618,0.0003012,0.0001766,0.0002612,0.0002576,0.003567657,0.0001236,0.0000358,0.001373643,0.000553273
Field_Blank8122021,All ,10,8122021,40-TVFF21,0.00005,0.0000556,0.0001446,0.00005,0.000057,0.000045,0.0000444,0.0000806,0.0005,0.005,0.000037,0.0002084,0.0000892,0.0001334,0.0000668,0.000241,0.000064,0.000014,0.000179,0.000445,0.0000046,0.0008238,0.0016654,0.0005,0.0002685,0.0001784,0.0000228,0.0000306,0.0000554,0.0007924,0.0000256,0.00005,0.0000578,0.0001164,0.0000976,0.0002118,0.0016618,0.0003012,0.0001766,0.0002612,0.0002576,0.0000396,0.0001236,0.0000358,0.0000998,0.0000652
Ag_Progress_Days ,Spruce_Creek,1,8272021,41-TVFF21,0.00005,0.0000556,0.0001446,0.00005,0.001564204,0.009290009,0.0000444,0.0000806,0.0005,0.005,0.001754628,0.000829708,0.0000892,0.000489664,0.0000668,0.000241,0.002638743,0.00023123,0.000584876,0.000445,2.72035E-05,0.0008238,0.0016654,0.0005,0.026088195,0.0001784,0.0000228,0.0000306,0.0000554,0.0007924,0.000122416,0.003250823,0.000272035,0.0001164,0.000394451,0.0002118,0.0016618,0.0003012,0.0001766,0.0002612,0.0002576,0.000394451,0.0001236,0.0000358,0.002312301,0.000775301
Upper_Spruce_Creek_Church ,Spruce_Creek,2,8272021,42-TVFF21,0.00005,0.0000556,0.0001446,0.00005,0.000057,0.005015071,0.0000444,0.0000806,0.0005,0.005,0.000252558,0.002561655,0.000914018,0.000420929,0.0000668,0.000241,0.000064,0.000014,0.000179,0.000445,4.81062E-05,0.0008238,0.0016654,0.0005,0.114925699,0.000625381,0.0000228,0.0000306,0.0000554,0.0007924,0.0000256,0.001587504,0.000156345,0.0001164,0.00031269,0.0002118,0.0016618,0.0003012,0.0001766,0.0002612,0.0002576,0.001310894,0.0001236,0.0000358,0.000324717,0.000288637
George_W_Harvey,Spruce_Creek,3,8272021,43-TVFF21,0.00005,0.0000556,0.0001446,0.000300664,0.000057,0.004197265,0.0000444,0.0000806,0.0005,0.005,0.000168372,0.001491292,0.000420929,0.000493088,0.0000668,0.000241,0.000064,0.000014,0.000553221,0.01564654,0.000132292,0.0008238,0.0016654,0.0005,0.0002685,0.001310894,0.000108239,0.0000306,0.0000554,0.0007924,8.41858E-05,0.000204451,0.0000578,0.0001164,0.00038485,0.0002118,0.0016618,0.0003012,0.0001766,0.0002612,0.0002576,0.000841858,0.0001236,0.0000358,0.0000998,0.000168372
Lower_Warriors_Mark_Run ,Warriors_Mark_Run ,4,8272021,44-TVFF21,0.00005,0.0000556,0.0001446,0.00005,0.000057,0.003298877,0.0000444,0.0000806,0.0005,0.005,0.000127863,0.000716035,0.0000892,0.0001334,0.0000668,0.000241,0.000064,0.000014,0.000575386,0.000445,2.55727E-05,0.0008238,0.0016654,0.0005,0.018169398,0.0001784,0.0000228,0.0000306,0.0000554,0.0007924,0.0000256,0.000370804,0.000204582,0.0001164,0.000255727,0.0002118,0.0016618,0.0003012,0.0001766,0.0002612,0.0002576,0.000421949,0.0001236,0.0000358,0.0000998,0.0000652
Upper_Warriors_Mark_Run ,Warriors_Mark_Run ,5,8272021,45-TVFF21,0.00005,0.0000556,0.0001446,0.00005,0.000057,0.002883034,0.0000444,0.0000806,0.0005,0.005,0.000037,0.000756796,0.0000892,0.0001334,0.0000668,0.000241,0.000064,0.000014,0.000552582,0.000445,0.000108114,0.0008238,0.0016654,0.0005,0.009201684,0.0001784,0.0000228,0.0000306,0.0000554,0.0007924,7.20759E-05,0.000168177,0.000216228,0.0001164,0.000300316,0.0002118,0.0016618,0.0003012,0.0001766,0.0002612,0.0002576,0.000444468,0.0001236,0.0000358,0.0000998,0.0000652
Keith_Nelson,Warriors_Mark_Run ,6,8272021,46-TVFF21,0.00005,0.0000556,0.0001446,0.00005,0.000057,0.005693437,0.0000444,0.0000806,0.0005,0.005,0.000037,0.000864513,0.0000892,0.0001334,0.0000668,0.000241,0.000064,0.000014,0.000901564,0.000445,1.23502E-05,0.0008238,0.0016654,0.0005,0.0002685,0.0001784,0.0000228,0.0000306,0.0000554,0.0007924,0.000135852,0.00005,0.000407556,0.0001164,0.0000976,0.0002118,0.0016618,0.0003012,0.0001766,0.0002612,0.0002576,0.000876863,0.0001236,0.0000358,0.0000998,0.0000652
Halfmoon_Creek_By_Bridge ,Halfmoon_Creek ,7,8272021,47-TVFF21,0.00005,0.0000556,0.0001446,0.001015392,0.000057,0.002640019,0.0000444,0.0000806,0.0005,0.005,0.000037,0.004034491,0.004034491,0.0001334,0.0000668,0.000241,0.000064,0.000014,0.000179,0.017586588,0.000203078,0.0008238,0.0016654,0.0005,0.168216593,0.001232009,0.0000228,0.0000306,0.0000554,0.0007924,0.0000256,0.00005,0.000203078,0.0001164,0.0000976,0.0002118,0.0016618,0.0003012,0.0001766,0.0002612,0.0002576,0.00291079,0.0001236,0.0000358,0.000758159,0.000622774
Loville,Halfmoon_Creek ,8,8272021,48-TVFF21,0.00005,0.0000556,0.0001446,0.00005,0.000057,0.003047105,0.0000444,0.0000806,0.0005,0.005,0.000037,0.0002084,0.0000892,0.0001334,0.0000668,0.000241,0.000064,0.000014,0.00095359,0.000445,4.38432E-05,0.0008238,0.0016654,0.0005,0.0002685,0.0001784,0.0000228,0.0000306,0.0000554,0.0007924,9.86473E-05,0.00005,0.000164412,0.0001164,0.000263059,0.0002118,0.0016618,0.0003012,0.0001766,0.0002612,0.0002576,0.000339785,0.0001236,0.0000358,0.0000998,0.0000652
Halfmoon_Creek_After_Confluence ,Halfmoon_Creek ,9,8272021,49-TVFF21,0.00005,0.0000556,0.0001446,0.000315364,0.000057,0.002394431,0.0000444,0.0000806,0.0005,0.005,0.000037,0.002534593,0.00227763,0.0001334,0.0000668,0.000241,0.000064,0.000014,0.000490566,0.000445,0.000163522,0.0008238,0.0016654,0.0005,0.022274049,0.000992813,0.0000228,0.0000306,0.0000554,0.0007924,0.000151842,0.00005,0.000420485,0.0001164,0.000256963,0.0002118,0.0016618,0.0003012,0.0001766,0.0002612,0.0002576,0.001798743,0.0001236,0.0000358,0.000490566,0.000397125
Field_Blank8272021,All ,10,8272021,50-TVFF21,0.00005,0.0000556,0.0001446,0.00005,0.000057,0.000045,0.0000444,0.0000806,0.0005,0.005,0.000037,0.0002084,0.0000892,0.0001334,0.0000668,0.000241,0.000064,0.000014,0.000179,0.000445,0.0000046,0.0008238,0.0016654,0.0005,0.0002685,0.0001784,0.0000228,0.0000306,0.0000554,0.0007924,0.0000256,0.00005,0.0000578,0.0001164,0.0000976,0.0002118,0.0016618,0.0003012,0.0001766,0.0002612,0.0002576,0.0000396,0.0001236,0.0000358,0.0000998,0.0000652
Ag_Progress_Days ,Spruce_Creek,1,9092021,51-TVFF21,0.00005,0.0000556,0.0001446,0.00005,0.000057,0.003604066,0.0000444,0.0000806,0.0005,0.005,0.000037,0.0002084,0.0000892,0.0001334,0.0000668,0.000241,0.000064,0.000014,0.000179,0.000445,4.1426E-05,0.0008238,0.0016654,0.0005,0.0002685,0.0001784,0.0000228,0.0000306,0.0000554,0.0007924,0.0000256,0.00005,0.0000578,0.0001164,0.0000976,0.0002118,0.0016618,0.0003012,0.0001766,0.0002612,0.0002576,0.0000396,0.0001236,0.0000358,0.0000998,0.0000652
Upper_Spruce_Creek_Church ,Spruce_Creek,2,9092021,52-TVFF21,0.00005,0.0000556,0.0001446,0.00005,0.000057,0.002622584,0.0000444,0.0000806,0.0005,0.005,0.000037,0.000959186,0.000522088,0.0001334,0.0000668,0.000241,0.000064,0.000014,0.000692071,0.000445,6.0708E-05,0.0008238,0.0016654,0.0005,0.012942938,0.0001784,0.0000228,0.0000306,0.0000554,0.0007924,0.0000256,0.00005,0.000242832,0.0001164,0.0000976,0.0002118,0.0016618,0.0003012,0.0001766,0.0002612,0.0002576,0.000777062,0.0001236,0.0000358,0.0000998,0.000242832
George_W_Harvey,Spruce_Creek,3,9092021,53-TVFF21,0.00005,0.0000556,0.000457965,0.00005,0.000057,0.002300727,0.0000444,0.0000806,0.0005,0.005,0.000037,0.000730563,0.000261694,0.0001334,0.0000668,0.000241,0.000064,0.000014,0.000708755,0.000445,7.63274E-05,0.0008238,0.0016654,0.0005,0.020968236,0.000567004,0.0000228,0.0000306,0.0000554,0.0007924,8.72314E-05,0.00005,0.000196271,0.0001164,0.000228982,0.0002118,0.0016618,0.0003012,0.0001766,0.0002612,0.0002576,0.002529709,0.0001236,0.0000358,0.0000998,0.0000652
Lower_Warriors_Mark_Run ,Warriors_Mark_Run ,4,9092021,54-TVFF21,0.00005,0.0000556,0.0001446,0.00005,0.000057,0.002778397,0.0000444,0.0000806,0.0005,0.005,0.000037,0.0002084,0.000299941,0.0001334,0.0000668,0.000241,0.000064,0.000014,0.001326053,0.000445,3.15727E-05,0.0008238,0.0016654,0.0005,0.176996516,0.0001784,9.47181E-05,0.0000306,0.0000554,0.0007924,0.000110504,0.00005,0.0000578,0.0001164,0.0000976,0.0002118,0.0016618,0.0003012,0.0001766,0.0002612,0.0002576,0.000315727,0.0001236,0.0000358,0.0000998,0.0000652
Upper_Warriors_Mark_Run ,Warriors_Mark_Run ,5,9092021,55-TVFF21,0.00005,0.0000556,0.0001446,0.00005,0.000057,0.00260067,0.0000444,0.0000806,0.0005,0.005,0.000037,0.000669178,0.000319381,0.0001334,0.0000668,0.000241,0.000064,0.000014,0.001292731,0.000445,4.56258E-05,0.0008238,0.0016654,0.0005,0.01376378,0.0001784,0.0000228,0.0000306,0.0000554,0.0007924,0.0000256,0.00005,0.000288963,0.0001164,0.0000976,0.0002118,0.0016618,0.0003012,0.0001766,0.0002612,0.0002576,0.00021292,0.0001236,0.0000358,0.0000998,0.0000652
Keith_Nelson,Warriors_Mark_Run ,6,9092021,56-TVFF21,0.00005,0.0000556,0.0001446,0.00005,0.000057,0.002949502,0.0000444,0.0000806,0.0005,0.005,0.000037,0.000720617,0.0000892,0.0001334,0.0000668,0.000241,0.000064,0.000014,0.001860197,0.000445,5.02756E-05,0.0008238,0.0016654,0.0005,0.210235803,0.0001784,0.0000228,0.0000306,0.0000554,0.0007924,0.0000256,0.00005,0.000485997,0.527340774,0.0000976,0.0002118,0.0016618,0.0003012,0.0001766,0.0002612,0.0002576,0.000217861,0.0001236,0.0000358,0.0000998,0.000418963
Halfmoon_Creek_By_Bridge ,Halfmoon_Creek ,7,9092021,57-TVFF21,0.00005,0.0000556,0.0001446,0.00005,0.000057,0.002527788,0.0000444,0.0000806,0.0005,0.005,0.000037,0.002172531,0.003347611,0.0001334,0.0000668,0.000241,0.000064,0.000014,0.000179,0.000445,0.000122973,0.0008238,0.0016654,0.0005,0.025783434,0.00058754,0.0000228,0.0000306,0.0000554,0.0007924,0.0000256,0.00005,0.000259611,0.0001164,0.0000976,0.0002118,0.0016618,0.0003012,0.0001766,0.0002612,0.0002576,0.002514124,0.0001236,0.0000358,0.00084715,0.000888142
Loville,Halfmoon_Creek ,8,9092021,58-TVFF21,0.00005,0.000291106,0.0001446,0.00005,0.000057,0.002869475,0.0000444,0.0000806,0.0005,0.005,0.000037,0.000651523,0.0000892,0.0001334,0.0000668,0.000241,0.000064,0.000014,0.001912984,0.000445,2.77244E-05,0.0008238,0.0016654,0.0005,0.014056271,0.0001784,0.0000228,0.0000306,0.0000554,0.0007924,0.000207933,0.00005,0.0000578,0.436201839,0.0000976,0.0002118,0.0016618,0.0003012,0.0001766,0.0002612,0.0002576,0.000360417,0.0001236,0.0000358,0.0000998,0.0000652
Halfmoon_Creek_After_Confluence ,Halfmoon_Creek ,9,9092021,59-TVFF21,0.00005,0.0000556,0.0001446,0.00005,0.000057,0.002579204,0.0000444,0.0000806,0.0005,0.005,0.000037,0.001804172,0.001778761,0.0001334,0.0000668,0.000241,0.000064,0.000014,0.001207016,0.000445,7.62326E-05,0.0008238,0.0016654,0.0005,0.0002685,0.0001784,0.0000228,0.0000306,0.0000554,0.0007924,0.0000256,0.00005,0.000508217,0.39980196,0.0000976,0.0002118,0.0016618,0.0003012,0.0001766,0.0002612,0.0002576,0.001943932,0.0001236,0.0000358,0.000482807,0.000597155
Field Blank_9092021,All ,10,9092021,60-TVFF21,0.00005,0.0000556,0.0001446,0.00005,0.000057,0.000045,0.0000444,0.0000806,0.0005,0.005,0.000037,0.0002084,0.0000892,0.0001334,0.0000668,0.000241,0.000064,0.000014,0.000179,0.000445,0.0000046,0.0008238,0.0016654,0.0005,0.0002685,0.0001784,0.0000228,0.0000306,0.0000554,0.0007924,0.0000256,0.00005,0.0000578,0.0001164,0.0000976,0.0002118,0.0016618,0.0003012,0.0001766,0.0002612,0.0002576,0.0000396,0.0001236,0.0000358,0.0000998,0.0000652
Ag_Progress_Days ,Spruce_Creek,1,9302021,61-TVFF21,0.00005,0.0000556,0.0001446,0.00005,0.000057,0.002008327,0.0000444,0.0000806,0.0005,0.005,0.000037,0.0002084,0.0000892,0.000374223,0.0000668,0.000241,0.000064,0.000014,0.000179,0.000445,3.74223E-05,0.0008238,0.126786584,0.0005,0.009792155,0.0001784,0.0000228,0.0000306,0.0000554,0.0007924,0.000187111,0.00005,0.000199585,0.0001164,0.000286904,0.0002118,0.0016618,0.0003012,0.0001766,0.0002612,0.0002576,0.000187111,0.0001236,0.0000358,0.0000998,0.0000652
Upper_Spruce_Creek_Church ,Spruce_Creek,2,9302021,62-TVFF21,0.00005,0.0000556,0.0001446,0.00005,0.000057,0.003647939,0.0000444,0.0000806,0.0005,0.005,0.000037,0.000994893,0.000898167,0.0001334,0.0000668,0.000241,0.000064,0.000014,0.0005389,0.000445,8.29077E-05,0.0008238,0.0016654,0.0005,0.012878331,0.0001784,0.0000228,0.0000306,0.0000554,0.0007924,0.000303995,0.00005,0.000165815,0.0001164,0.000400721,0.0002118,0.0016618,0.0003012,0.0001766,0.0002612,0.0002576,0.000898167,0.0001236,0.0000358,0.0000998,0.000331631
George_W_Harvey,Spruce_Creek,3,9302021,63-TVFF21,0.00005,0.0000556,0.0001446,0.00005,0.000057,0.00402901,0.0000444,0.0000806,0.0005,0.005,0.000037,0.00113968,0.000593918,0.0001334,0.0000668,0.000241,0.000064,0.000014,0.000850747,0.000445,8.02592E-05,0.0008238,0.163150832,0.0005,0.0002685,0.0001784,0.0000228,0.0000306,0.0000554,0.0007924,9.6311E-05,0.00005,0.000321037,0.0001164,0.000481555,0.0002118,0.0016618,0.0003012,0.0001766,0.0002612,0.0002576,0.001878064,0.0001236,0.0000358,0.0000998,0.0000652
Lower_Warriors_Mark_Run ,Warriors_Mark_Run ,4,9302021,64-TVFF21,0.00005,0.0000556,0.0001446,0.00005,0.000057,0.003806173,0.0000444,0.0000806,0.0005,0.005,0.000037,0.0002084,0.000446879,0.000616384,0.0000668,0.000241,0.000064,0.000014,0.001109492,0.000445,6.16384E-05,0.0008238,0.156623257,0.0005,0.031281504,0.0001784,0.0000228,0.0000306,0.0000554,0.0007924,9.24576E-05,0.00005,0.000215735,0.484894138,0.000462288,0.0002118,0.0016618,0.0003012,0.0001766,0.0002612,0.0002576,0.000231144,0.0001236,0.0000358,0.0000998,0.0000652
Upper_Warriors_Mark_Run ,Warriors_Mark_Run ,5,9302021,65-TVFF21,0.00005,0.0000556,0.0001446,0.00005,0.000057,0.003072212,0.0000444,0.0000806,0.0005,0.005,0.000037,0.0002084,0.000409628,0.0001334,0.0000668,0.000241,0.000064,0.000014,0.001082589,0.000445,8.77775E-05,0.0008238,0.14869508,0.0005,0.016297355,0.0001784,0.0000228,0.0000306,0.0000554,0.0007924,0.000102407,0.00005,0.000248703,0.0001164,0.00035111,0.0002118,0.0016618,0.0003012,0.0001766,0.0002612,0.0002576,0.000204814,0.0001236,0.0000358,0.0000998,0.0000652
Keith_Nelson,Warriors_Mark_Run ,6,9302021,66-TVFF21,0.00005,0.0000556,0.0001446,0.00005,0.000057,0.003922619,0.0000444,0.0000806,0.0005,0.005,0.000037,0.0002084,0.0000892,0.0001334,0.0000668,0.000241,0.000064,0.000014,0.001664142,0.000445,5.94336E-05,0.0008238,0.0016654,0.0005,0.0002685,0.0001784,0.0000228,0.0000306,0.0000554,0.0007924,0.0000256,0.00005,0.000208018,0.467549496,0.0000976,0.0002118,0.0016618,0.0003012,0.0001766,0.0002612,0.0002576,0.000178301,0.0001236,0.0000358,0.0000998,0.0000652
Halfmoon_Creek_By_Bridge ,Halfmoon_Creek ,7,9302021,67-TVFF21,0.00005,0.0000556,0.0001446,0.00005,0.000057,0.002286201,0.0000444,0.0000806,0.0005,0.005,0.000132747,0.00325968,0.004159411,0.0001334,0.0000668,0.000241,0.000064,0.000014,0.000179,0.000445,0.000162247,0.0008238,0.149915788,0.0005,0.032508303,0.0001784,0.0000228,0.0000306,0.0000554,0.0007924,8.84981E-05,0.00005,0.000368742,0.0001164,0.0000976,0.0002118,0.0016618,0.0003012,0.0001766,0.0002612,0.0002576,0.002050206,0.0001236,0.0000358,0.001120976,0.001268473
Loville,Halfmoon_Creek ,8,9302021,68-TVFF21,0.00005,0.0000556,0.0001446,0.00005,0.000057,0.004782372,0.0000444,0.0000806,0.0005,0.005,0.000037,0.0002084,0.0000892,0.000564212,0.0000668,0.000241,0.000064,0.000014,0.001343363,0.000445,5.37345E-05,0.0008238,0.136539398,0.0005,0.027659841,0.0001784,0.0000228,0.0000306,0.0000554,0.0007924,0.000107469,0.00005,0.000255239,0.0001164,0.00044331,0.0002118,0.0016618,0.0003012,0.0001766,0.0002612,0.0002576,0.000658248,0.0001236,0.0000358,0.0000998,0.0000652
Halfmoon_Creek_After_Confluence ,Halfmoon_Creek ,9,9302021,69-TVFF21,0.00005,0.0000556,0.0001446,0.00005,0.000057,0.002546144,0.0000444,0.0000806,0.0005,0.005,0.000037,0.002075107,0.002686182,0.0001334,0.0000668,0.000241,0.000064,0.000014,0.00070019,0.000445,0.000127307,0.0008238,0.0016654,0.0005,0.123895373,0.0001784,0.0000228,0.0000306,0.0000554,0.0007924,0.00017823,0.00005,0.000254614,0.0001164,0.000280076,0.0002118,0.0016618,0.0003012,0.0001766,0.0002612,0.0002576,0.001718647,0.0001236,0.0000358,0.000661997,0.000814766
Field Blank_9302021,All ,10,9302021,70-TVFF21,0.00005,0.0000556,0.0001446,0.00005,0.000057,0.000045,0.0000444,0.0000806,0.0005,0.005,0.000037,0.0002084,0.0000892,0.0001334,0.0000668,0.000241,0.000064,0.000014,0.000179,0.000445,0.0000046,0.0008238,0.0016654,0.0005,0.0002685,0.0001784,0.0000228,0.0000306,0.0000554,0.0007924,0.0000256,0.00005,0.0000578,0.0001164,0.0000976,0.0002118,0.0016618,0.0003012,0.0001766,0.0002612,0.0002576,0.0000396,0.0001236,0.0000358,0.0000998,0.0000652
Ag_Progress_Days ,Spruce_Creek,1,10142021,71-TVFF21,0.00005,0.0000556,0.0001446,0.00005,0.000057,0.001762387,0.0000444,0.0000806,0.0005,0.005,0.000037,0.0002084,0.0000892,0.0001334,0.0000668,0.000241,0.000064,0.000014,0.000179,0.000445,2.75373E-05,0.0008238,0.0016654,0.087293224,0.0002685,0.0001784,0.0000228,0.0000306,0.0000554,0.0007924,0.0000256,0.00005,0.000178992,0.0001164,0.000289142,0.0002118,0.0016618,0.0003012,0.0001766,0.0002612,0.0002576,0.000468134,0.0001236,0.0000358,0.0000998,0.0000652
Upper_Spruce_Creek_Church ,Spruce_Creek,2,10142021,72-TVFF21,0.00005,0.000169033,0.0001446,0.00005,0.000057,0.00231445,0.0000444,0.0000806,0.0005,0.005,0.000037,0.000871169,0.000507099,0.0001334,0.0000668,0.000241,0.000064,0.000014,0.000179,0.000445,3.90076E-05,0.0008238,0.132157699,0.08243603,0.029411719,0.0001784,0.0000228,0.0000306,0.0000554,0.0007924,0.0000256,0.00005,0.0000578,0.0001164,0.000260051,0.0002118,0.0016618,0.0003012,0.0001766,0.0002612,0.0002576,0.000325063,0.0001236,0.0000358,0.0000998,0.000195038
George_W_Harvey,Spruce_Creek,3,10142021,73-TVFF21,0.00005,0.0000556,0.0001446,0.00005,0.000057,0.003021269,0.0000444,0.0000806,0.0005,0.005,0.000037,0.000727343,0.000433608,0.000489558,0.0000668,0.000241,0.000064,0.000014,0.000517532,0.000445,5.59494E-05,0.0008238,0.0016654,0.088679848,0.0002685,0.0001784,0.0000228,0.0000306,0.0000554,0.0007924,8.39241E-05,0.00005,0.000461583,0.0001164,0.000377659,0.0002118,0.0016618,0.0003012,0.0001766,0.0002612,0.0002576,0.000377659,0.0001236,0.0000358,0.0000998,0.0000652
Lower_Warriors_Mark_Run ,Warriors_Mark_Run ,4,10142021,74-TVFF21,0.00005,0.0000556,0.0001446,0.00005,0.000057,0.002925087,0.0000444,0.0000806,0.0005,0.005,0.000037,0.0002084,0.000371833,0.000495777,0.0000668,0.000241,0.000064,0.000014,0.0006693,0.000445,3.71833E-05,0.0008238,0.0016654,0.078580733,0.0002685,0.0001784,0.0000228,0.0000306,0.0000554,0.0007924,0.0002231,0.00005,0.000161128,0.390015762,0.000371833,0.0002118,0.0016618,0.0003012,0.0001766,0.0002612,0.0002576,0.0004462,0.0001236,0.0000358,0.0000998,0.0000652
Upper_Warriors_Mark_Run ,Warriors_Mark_Run ,5,10142021,75-TVFF21,0.00005,0.0000556,0.0001446,0.00005,0.000057,0.003305458,0.0000444,0.0000806,0.0005,0.005,0.000037,0.0002084,0.00049502,0.000479052,0.0000668,0.000241,0.000064,0.000014,0.000702609,0.000445,4.79052E-05,0.0008238,0.162302761,0.101239621,0.206359561,0.0001784,0.0000228,0.0000306,0.0000554,0.0007924,0.0000256,0.00005,0.000191621,0.0001164,0.000383241,0.0002118,0.0016618,0.0003012,0.0001766,0.0002612,0.0002576,0.000319368,0.0001236,0.0000358,0.0000998,0.0000652
Keith_Nelson,Warriors_Mark_Run ,6,10142021,76-TVFF21,0.00005,0.0000556,0.0001446,0.00005,0.000057,0.003291064,0.0000444,0.0000806,0.0005,0.005,0.000037,0.0002084,0.0000892,0.0001334,0.0000668,0.000241,0.000064,0.000014,0.001935024,0.000445,3.04728E-05,0.0008238,0.154862867,0.096598837,0.0002685,0.0001784,0.0000228,0.0000306,0.0000554,0.0007924,0.0000256,0.00005,0.0000578,0.0001164,0.0000976,0.0002118,0.0016618,0.0003012,0.0001766,0.0002612,0.0002576,0.000228546,0.0001236,0.0000358,0.0000998,0.0000652
Halfmoon_Creek_By_Bridge ,Halfmoon_Creek ,7,10142021,77-TVFF21,0.00005,0.0000556,0.0001446,0.00005,0.000057,0.001688905,0.0000444,0.0000806,0.0005,0.005,0.000037,0.002854119,0.002670827,0.0001334,0.0000668,0.000241,0.000064,0.000014,0.000179,0.000445,2.61846E-05,0.0008238,0.133070018,0.083005107,0.0002685,0.0001784,0.0000228,0.0000306,0.0000554,0.0007924,0.0000256,0.00005,0.000301123,0.0001164,0.0000976,0.0002118,0.0016618,0.0003012,0.0001766,0.0002612,0.0002576,0.001348506,0.0001236,0.0000358,0.000693891,0.000667707
Loville,Halfmoon_Creek ,8,10142021,78-TVFF21,0.00005,0.0000556,0.0001446,0.00005,0.000057,0.003112547,0.0000444,0.0000806,0.0005,0.005,0.000037,0.0002084,0.0000892,0.0001334,0.0000668,0.000241,0.000064,0.000014,0.000805601,0.000445,2.44121E-05,0.0008238,0.0016654,0.077386473,0.0002685,0.0001784,0.0000228,0.0000306,0.0000554,0.0007924,0.0000256,0.00005,0.000158679,0.0001164,0.00028074,0.0002118,0.0016618,0.0003012,0.0001766,0.0002612,0.0002576,0.000207503,0.0001236,0.0000358,0.0000998,0.0000652
Halfmoon_Creek_After_Confluence ,Halfmoon_Creek ,9,10142021,79-TVFF21,0.00005,0.0000556,0.0001446,0.00005,0.000057,0.00203248,0.0000444,0.0000806,0.0005,0.005,0.000037,0.002391882,0.00203248,0.0001334,0.0000668,0.000241,0.000064,0.000014,0.000483334,0.000445,3.71795E-05,0.0008238,0.125964212,0.078572718,0.0002685,0.0001784,0.0000228,0.0000306,0.0000554,0.0007924,0.0000256,0.00005,0.00023547,0.0001164,0.0000976,0.0002118,0.0016618,0.0003012,0.0001766,0.0002612,0.0002576,0.001090599,0.0001236,0.0000358,0.000607265,0.000458547
Field_Blank_10142021,All ,10,10142021,80-TVFF21,0.00005,0.0000556,0.0001446,0.00005,0.000057,0.000045,0.0000444,0.0000806,0.0005,0.005,0.000037,0.0002084,0.0000892,0.0001334,0.0000668,0.000241,0.000064,0.000014,0.000179,0.000445,0.0000046,0.0008238,0.0016654,0.0005,0.0002685,0.0001784,0.0000228,0.0000306,0.0000554,0.0007924,0.0000256,0.00005,0.0000578,0.0001164,0.0000976,0.0002118,0.0016618,0.0003012,0.0001766,0.0002612,0.0002576,0.0000396,0.0001236,0.0000358,0.0000998,0.0000652
